name.firstName,name.lastName,age,address.line1,address.line2,address.city,address.state,gender,occupation,maritalStatus
Rohit,Prasad,35,A-563 Rakshak Society,New Pune Road,Pune,Maharashtra,male,Engineer,Married
Ria,Prasad1,25,A-562 Rakshak Society,New Pune Road1,Pune1,Maharashtra1,female,Doctor,Single
Siddharth,Kumar,45,B-101 Green Park,MG Road,Bangalore,Karnataka,male,Professor,Married
Priya,Sharma,30,C-201 Lake View Apartments,Main Street,Chennai,Tamil Nadu,female,Artist,Single
Vivek,Patel,28,D-301 Hillside Homes,Ridge Avenue,Mumbai,Maharashtra,male,Software Developer,Single
Sneha,Desai,22,E-401 Sunflower Gardens,Sunshine Road,Kolkata,West Bengal,female,Engineer,Married
Amit,Joshi,65,F-501 Riverside Residency,River View Road,Delhi,Delhi,male,Retired,Married
Anjali,Verma,70,G-201 Serene Valley,Serenity Lane,Jaipur,Rajasthan,female,Teacher,Married
Akash,Singh,18,H-101 Green View Homes,Green Street,Hyderabad,Telangana,male,Student,Single
Rahul,Shah,40,I-401 Hillcrest Apartments,Hill Road,Bangalore,Karnataka,male,Manager,Married
Neha,Reddy,32,J-201 Skyline Towers,Sunset Boulevard,Chennai,Tamil Nadu,female,Architect,Single
Aryan,Kapoor,27,K-301 Palm Grove Residency,Palm Avenue,Mumbai,Maharashtra,male,Marketing Executive,Single
Kavya,Kulkarni,24,L-501 Lakeside View,Lake Road,Pune,Maharashtra,female,Content Writer,Single
Rishi,Mehra,55,M-101 Mountain View Apartments,Valley Road,Shimla,Himachal Pradesh,male,Consultant,Married
Sanjana,Singh,38,N-201 Nirvana Heights,Park Avenue,Delhi,Delhi,female,HR Manager,Married
Manoj,Shetty,42,O-401 Ocean Breeze Residency,Sea View Road,Goa,male,Entrepreneur,Married
Aditi,Patil,26,P-501 Pinecrest Towers,Pine Street,Bangalore,Karnataka,female,Software Engineer,Single
Rajesh,Gupta,50,Q-201 Quietude Apartments,Serenity Road,Jaipur,Rajasthan,male,Lawyer,Married
Divya,Shah,31,R-301 Rosewood Residency,Rose Avenue,Mumbai,Maharashtra,female,Financial Analyst,Single
Suresh,Mishra,48,S-401 Sunshine Villa,Sunrise Road,Chennai,Tamil Nadu,male,Project Manager,Married
Pooja,Verma,29,T-101 Tranquil Homes,Tranquility Lane,Hyderabad,Telangana,female,Event Planner,Single
Amitabh,Srivastava,60,U-201 Utopia Apartments,Dream Street,Bangalore,Karnataka,male,Writer,Married
Ananya,Reddy,23,V-301 Vista View,Vista Road,Pune,Maharashtra,female,Graphic Designer,Single
Alok,Kumar,33,W-501 Windy Heights,Windmill Avenue,Delhi,Delhi,male,Product Manager,Married
Shreya,Mohan,36,X-201 Xenon Towers,Luminous Lane,Mumbai,Maharashtra,female,Operations Manager,Married
Arun,Kulkarni,43,Y-401 Yashodhan Residency,Yashodhan Road,Pune,Maharashtra,male,Chartered Accountant,Married
Nisha,Iyer,28,Z-101 Zenith Apartments,Zenith Street,Bangalore,Karnataka,female,Consulting Analyst,Single
Amit,Choudhary,34,1-A Sunshine Colony,Beach Road,Goa,Goa,male,Entrepreneur,Married
Shikha,Sharma,26,2-B Riverdale Apartments,River Road,Jaipur,Rajasthan,female,Marketing Manager,Single
Rohan,Mehta,37,3-C Emerald Towers,Emerald Street,Bangalore,Karnataka,male,Financial Consultant,Married
Neha,Kumar,29,4-D Serenity Apartments,Serenity Lane,Chennai,Tamil Nadu,female,Software Developer,Single
Ankit,Dube,41,5-E Tranquil Residency,Tranquility Road,Mumbai,Maharashtra,male,Architect,Married
Priyanka,Singh,31,6-F Ivory Heights,Ivory Avenue,Delhi,Delhi,female,HR Executive,Single
Gaurav,Sharma,44,7-G Pearl Gardens,Pearl Street,Pune,Maharashtra,male,Doctor,Married
Swati,Reddy,27,8-H Bluebell Residency,Bluebell Road,Hyderabad,Telangana,female,Research Analyst,Single
Aryan,Malhotra,39,9-I Silver Springs,Silver Lane,Bangalore,Karnataka,male,Product Designer,Married
Ishaan,Kapoor,28,10-J Golden Gate Apartments,Golden Gate Road,Mumbai,Maharashtra,male,Investment Banker,Single
Tanvi,Sethi,33,11-K Harmony Homes,Harmony Street,Chennai,Tamil Nadu,female,Teacher,Married
Arjun,Verma,30,12-L Royal Retreat,Royal Road,Jaipur,Rajasthan,male,IT Consultant,Single
Pooja,Mehra,35,13-M Sapphire Towers,Sapphire Avenue,Goa,Goa,female,Operations Analyst,Married
Sameer,Sinha,42,14-N Sunrise Plaza,Sunrise Road,Pune,Maharashtra,male,Management Consultant,Married
Meera,Patil,32,15-O Blossom Residency,Blossom Lane,Bangalore,Karnataka,female,Content Strategist,Single
Rahul,Chopra,36,16-P Horizon Heights,Horizon Avenue,Delhi,Delhi,male,Media Analyst,Married
Kritika,Joshi,25,17-Q Emerald Meadows,Emerald Road,Mumbai,Maharashtra,female,Data Scientist,Single
Aditya,Gupta,38,18-R Riviera Residency,Riviera Street,Chennai,Tamil Nadu,male,Entrepreneur,Married
Shreya,Nair,30,19-S Sunshine Gardens,Sunshine Avenue,Hyderabad,Telangana,female,UX Designer,Single
Anuj,Banerjee,29,20-T Tranquil Towers,Tranquility Road,Bangalore,Karnataka,male,Software Engineer,Married
Neha,Mishra,27,21-U Unity Apartments,Unity Street,Pune,Maharashtra,female,Financial Analyst,Single
Avinash,Shah,43,22-V Valley View Residency,Valley View Road,Jaipur,Rajasthan,male,Project Manager,Married
Deepika,Reddy,31,23-W Whispering Woods,Whispering Lane,Bangalore,Karnataka,female,Software Developer,Single
Kunal,Verma,29,24-X Xenon Residency,Xenon Street,Chennai,Tamil Nadu,male,Marketing Executive,Single
Surbhi,Sharma,36,25-Y Yashodhan Apartments,Yashodhan Road,Mumbai,Maharashtra,female,Teacher,Married
Rajesh,Kumar,40,26-Z Zephyr Heights,Zephyr Lane,Delhi,Delhi,male,IT Consultant,Married
Tanushree,Gupta,28,27-AA Azure Acres,Azure Avenue,Hyderabad,Telangana,female,Graphic Designer,Single
Alok,Singh,32,28-BB Blissful Bungalows,Blissful Street,Bangalore,Karnataka,male,Consultant,Married
Megha,Patel,33,29-CC Crystal Cove,Crystal Road,Pune,Maharashtra,female,HR Manager,Married
Rohan,Mehra,26,30-DD Diamond Towers,Diamond Lane,Chennai,Tamil Nadu,male,Data Analyst,Single
Ananya,Kapoor,35,31-EE Eden Enclave,Eden Road,Mumbai,Maharashtra,female,Operations Manager,Married
Sahil,Sinha,39,32-FF Fortune Heights,Fortune Road,Delhi,Delhi,male,Entrepreneur,Married
Shruti,Shah,34,33-GG Golden Gardens,Golden Street,Pune,Maharashtra,female,Software Engineer,Single
Ravi,Choudhary,30,34-HH Harmony Homes,Harmony Lane,Bangalore,Karnataka,male,Financial Consultant,Married
Anisha,Singh,29,35-II Ivy Apartments,Ivy Road,Jaipur,Rajasthan,female,Marketing Manager,Single
Karan,Verma,37,36-JJ Jasmine Residency,Jasmine Avenue,Mumbai,Maharashtra,male,Architect,Married
Neha,Kumar,31,37-KK Keystone Towers,Keystone Street,Chennai,Tamil Nadu,female,HR Executive,Single
Vikas,Sharma,42,38-LL Lakeside Lane,Lakeside Road,Hyderabad,Telangana,male,Doctor,Married
Amrita,Gupta,29,39-MM Moonlight Manor,Moonlight Road,Bangalore,Karnataka,female,Research Analyst,Single
Akash,Malhotra,33,40-NN Nirvana Nest,Nirvana Road,Pune,Maharashtra,male,Product Designer,Married